Schlag; Schwenk; Winkel
0,0;0,0;90,00000250447816
0,0;-24,223020553588867;90,5152309943289
-4,836723327636719;-33,73599624633789;90,85990283041527
8,542975425720215;-66,78539276123047;91,15949541797953
4,781953811645508;-93,27295684814453;91,38239181135373
111,396240234375;-132,46469116210938;91,51672114176037
115,34680938720703;-158,49111938476562;91,56849397566907
157,9834747314453;-191,9835968017578;91,55554393700272
130,7571563720703;-234,20375061035156;91,50164691426215
194,48709106445312;-282,7135009765625;91,43185604132296
226,55795288085938;-321,1341552734375;91,36782301785409
314,48748779296875;-323,3326416015625;91,32284622216956
341,2907409667969;-356,6136474609375;91,29907033366874
324,31634521484375;-405,7381591796875;91,28890018199459
403,9513244628906;-423,65020751953125;91,28006874739776
439,37384033203125;-477,1998291015625;91,26162723663873
457,8167724609375;-494,78363037109375;91,22894478146021
497,0217590332031;-529,669189453125;91,18710304260472
563,1635131835938;-525,1494140625;91,15124454946216
633,6398315429688;-534,8822631835938;91,14234481297363
594,3933715820312;-543,5742797851562;91,17834674008877
524,201416015625;-559,4152221679688;91,26425002928002
633,9843139648438;-560,0410766601562;91,3864079625857
519,8804321289062;-596,901611328125;91,5145286510368
613,4896240234375;-595,9653930664062;91,61125779006251
525,1170043945312;-620,102294921875;91,64562047177685
540,3705444335938;-611,1075439453125;91,6053155254846
587,2435913085938;-587,149658203125;91,50279438604271
531,0429077148438;-586,200439453125;91,37201675400448
522,72998046875;-590,9881591796875;91,25601282114098
462,64453125;-587,0850830078125;91,18978730694853
453,0118713378906;-594,2320556640625;91,18624926895848
382,2755432128906;-594,0321044921875;91,23167685712822
476,9464111328125;-566,8101196289062;91,29205572939114
467,4219665527344;-579,3228759765625;91,32712192058999
358,0223083496094;-585,9545288085938;91,30611908889219
352,1861572265625;-579,7977294921875;91,21956010154062
287,61334228515625;-568,8772583007812;91,08282654454614
284,2994384765625;-559,0247192382812;90,9305269864332
264,89959716796875;-554,840576171875;90,80403188300455
242,4340057373047;-562,3124389648438;90,73659742532902
250,4011993408203;-542,8543701171875;90,74125561434298
289,1296081542969;-545,4388427734375;90,80594433597216
302,9582824707031;-557,135009765625;90,897817210498
230,84410095214844;-578,3587036132812;90,97560623495528
340,54351806640625;-544,5430297851562;91,00573419938421
322,91302490234375;-548,60498046875;90,9758043104412
389,0299072265625;-530,6503295898438;90,89951109741217
378,05926513671875;-551,7206420898438;90,81052056271606
394,4704895019531;-571,1188354492188;90,74796286010792
407,90911865234375;-580,0768432617188;90,73995787840067
388,21240234375;-594,39404296875;90,79207222176787
408,7909240722656;-599,9694213867188;90,88525649261435
390,4216003417969;-610,3174438476562;90,98389125441851
431,8811950683594;-592,2874755859375;91,05034216485356
526,516845703125;-564,0404052734375;91,05972001458399
486,1974182128906;-594,5375366210938;91,00839114297133
611,6851196289062;-559,6351318359375;90,91282313610452
586,5769653320312;-578,0220336914062;90,80026844877187
632,8416748046875;-578,4010620117188;90,69692768662959
629,3919677734375;-574,9580078125;90,61911134141563
659,53662109375;-562,9916381835938;90,56981103598648
616,6732788085938;-559,888671875;90,53963526023337
630,5120239257812;-534,9667358398438;90,51042937134238
645,4336547851562;-516,52734375;90,46094465080564
582,4349975585938;-503,58392333984375;90,37371630491542
588,0780639648438;-482,191162109375;90,24121063501717
549,0135498046875;-468,58502197265625;90,0690079056628
477,4609680175781;-469,0835876464844;89,87524226909872
377,5862121582031;-436,12841796875;89,68672221781719
384,7911376953125;-425,4625549316406;89,53255118787166
306,1991271972656;-411,7143249511719;89,43638895454706
237,14820861816406;-371,9842834472656;89,40950532997388
238,7669219970703;-323,2026062011719;89,44741287986746
182,53648376464844;-283,83807373046875;89,53154031987451
112,03060150146484;-244,54722595214844;89,63524991223197
134,2393798828125;-218,88137817382812;89,73093403231468
159,73912048339844;-185,52479553222656;89,79544516902546
88,82903289794922;-158,90760803222656;89,81357932127185
10,9341402053833;-121,75531768798828;89,78057584720234
-41,57288360595703;-75,54813385009766;89,70344935109455
-149,01316833496094;-41,0422248840332;89,59915919265762
-153,5230712890625;-2,3698582649230957;89,4891999772096
-177,38172912597656;26,8812198638916;89,39255963064308
-169,94393920898438;29,296730041503906;89,32067871981786
-234,42559814453125;52,94382858276367;89,27665815061714
-278,3257751464844;90,92684936523438;89,25823713042561
-283,9754333496094;100,95645141601562;89,26206886655
-278,17132568359375;122,77052307128906;89,28688294380464
-384,7635192871094;156,8136749267578;89,33412736229363
-427,6318359375;179,9588623046875;89,40534574476935
-446,4790954589844;219,77098083496094;89,49700005324175
-537,6494750976562;241,94601440429688;89,59622221131453
-534,7947387695312;267,1531677246094;89,68183180237146
-620,079833984375;275,63922119140625;89,73182878709595
-648,8218994140625;307,3446044921875;89,73350901363177
-672,1478271484375;329,4873046875;89,68991191615959
-693,847412109375;350,5748596191406;89,61844764687375
-785,7874755859375;385,8970642089844;89,54258473576242
-753,953857421875;388,53692626953125;89,4814067313666
-821,3486328125;429,3133239746094;89,44288446444774
-791,0662231445312;428,6397705078125;89,42352087815075
-744,9541015625;444,3283996582031;89,41332340571992
-740,9733276367188;448,21661376953125;89,40262732947969
-770,4698486328125;467,31719970703125;89,3871569510096
-743,1859741210938;477,4863586425781;89,36930966670836
-697,109375;462,3277587890625;89,35553317515244
-681,8324584960938;494,4924011230469;89,3516263069472
-666,7523193359375;512,1214599609375;89,35853845838724
-696,1011962890625;532,9677734375;89,37105819513589
-658,7158203125;545,8396606445312;89,3799579316244
-647,3692016601562;582,5447387695312;89,37581883698738
-539,119384765625;561,689697265625;89,35207026924324
-495,30352783203125;581,1996459960938;89,30613724707491
-557,9157104492188;606,3902587890625;89,23965901588318
-520,3890991210938;608,0516967773438;89,15896033083948
-467,416015625;610,5151977539062;89,07521538142595
-487,4320068359375;620,182373046875;89,00251484790033
-437,4822692871094;622,4264526367188;88,95296182547189
-502,9593200683594;656,101806640625;88,93087982388523
-428,9711608886719;641,6280517578125;88,92984846532057
-457,36309814453125;669,046875;88,93474571095547
-486,2674865722656;665,2490234375;88,92811359727139
-461,5835876464844;668,994384765625;88,89808808568002
-461,76251220703125;662,975341796875;88,84488091204561
-381,1457824707031;659,196044921875;88,7828832849494
-461,06170654296875;707,222900390625;88,73651996086336
-436,69970703125;717,9090576171875;88,73041377174536
-452,9455261230469;728,8109130859375;88,77754890720763
-456,80548095703125;714,911865234375;88,87126593280937
-397,92535400390625;691,8323364257812;88,98611556370314
-503,8926696777344;734,359619140625;89,08844545784827
-407,450439453125;694,9410400390625;89,15211648129113
-394,44049072265625;692,0781860351562;89,17085852037364
-366,76605224609375;679,1936645507812;89,16018976489008
-426,3388977050781;676,9258422851562;89,14840768857181
-385,0047607421875;665,4647827148438;89,16271010469382
-348,8970642089844;668,89013671875;89,2184922596453
-418,2365417480469;664,44287109375;89,31575415342628
-360,43780517578125;629,1058349609375;89,44207850212568
-376,0859069824219;652,4951782226562;89,57890085157938
-355,2065124511719;606,821533203125;89,70853784202622
-337,5606994628906;595,6828002929688;89,81933717074216
-374,62164306640625;580,1749267578125;89,90690702609089
-353,07525634765625;563,6212768554688;89,97105616277565
-318,13836669921875;518,055908203125;90,01109473169026
-356,4358215332031;533,37890625;90,02355299673637
-313,92718505859375;470,01611328125;90,00388205192674
-338,41351318359375;445,2009582519531;89,95098223680499
-358,04046630859375;424,15814208984375;89,87125343862343
-376,94366455078125;424,6456604003906;89,77970841317774
-398,1880187988281;401,45355224609375;89,69722704876067
-423,6885070800781;419,25775146484375;89,64485315820501
-439,6937561035156;400,5393981933594;89,63688232744362
-416,21978759765625;386,90704345703125;89,67499478301228
-459,6103515625;376,46319580078125;89,74649320324397
-447,66009521484375;365,1474914550781;89,82843498271662
-468,6105041503906;367,5878601074219;89,89655245930915
-459,0039367675781;332,5837707519531;89,93435755636517
-516,3948974609375;335,55023193359375;89,93799804719279
-474,19207763671875;331,51763916015625;89,91551989463427
-477,2419738769531;300,08984375;89,882605213024
-477,0094909667969;296,7599182128906;89,85714909798735
-527,1468505859375;293,1022033691406;89,85389109775325
-441,7283630371094;250,09593200683594;89,87975019395093
-416,4545593261719;244,99935913085938;89,93127031086033
-419,9508056640625;229,61276245117188;89,9959180513545
-419,6987609863281;193,7611541748047;90,05760148974889
-354,3456726074219;146,73733520507812;90,10367111570062
-321,2674865722656;126,23161315917969;90,12973511757339
-421,4322814941406;87,4731674194336;90,14017164662516
-407,712890625;93,21891784667969;90,14459760920734
-333,85479736328125;85,68081665039062;90,15260942110376
-267,23077392578125;83,23342895507812;90,16950730911037
-263,8861083984375;34,3626594543457;90,19497025433618
-266,6882629394531;-11,961650848388672;90,22477036968495
-278,9326171875;-15,942997932434082;90,2540035793326
-208,000732421875;-32,16767120361328;90,27970558117936
-162,2323760986328;-87,48906707763672;90,30152803557755
-186,81834411621094;-148,3173828125;90,32084381055034
-164,84376525878906;-139,48536682128906;90,33938777414693
-68,7533950805664;-142,47589111328125;90,35813664341862
-43,14411163330078;-169,1248016357422;90,37671475796105
-85,89798736572266;-221,7060089111328;90,3933530987792
-38,07977294921875;-260,4827575683594;90,40580453363613
-52,54597091674805;-282,6854553222656;90,41311283604804
-38,941734313964844;-337,2995910644531;90,4172246099284
-33,165870666503906;-354,0826416015625;90,42311906318211
-35,65021896362305;-393,02490234375;90,43658136603621
14,964617729187012;-373,7137145996094;90,46078755645473
71,51771545410156;-399,1003112792969;90,49376370976756
135,70960998535156;-388,43365478515625;90,52837910848119
103,76353454589844;-425,724365234375;90,55520126135183
58,903846740722656;-449,64910888671875;90,56707896031847
45,675899505615234;-474,17767333984375;90,56348628081506
95,11927032470703;-492,0919494628906;90,55227794038706
173,96749877929688;-465,26556396484375;90,5471894494554
177,1275177001953;-485,48040771484375;90,56149869576657
187,50059509277344;-481,4153137207031;90,60091571746672
215,64695739746094;-474,0760498046875;90,6600719858682
247,0972137451172;-481,3788146972656;90,72506806601004
276,12884521484375;-517,4236450195312;90,78056335301639
275,188232421875;-525,7782592773438;90,81644233672647
369,6203308105469;-531,216552734375;90,83002075279646
350,241455078125;-568,7689208984375;90,82369599762502
439,5884094238281;-567,107177734375;90,80150471301165
392,8106689453125;-591,77783203125;90,7673537671616
437,5583190917969;-606,7861938476562;90,72519783960428
470,2859191894531;-625,3286743164062;90,67992734578543
510,64251708984375;-624,2538452148438;90,6379763239032
577,9795532226562;-629,1730346679688;90,60698775563885
579,7525024414062;-645,4337768554688;90,59411284905339
524,2738647460938;-663,6239624023438;90,60318334027116
524,6064453125;-678,7047119140625;90,63210919140617
487,25067138671875;-704,44873046875;90,67207945842908
477,6571350097656;-703,32861328125;90,7096113479183
563,8391723632812;-691,2265014648438;90,73139965137064
503,07745361328125;-716,134033203125;90,72987651918572
513,305908203125;-698,58935546875;90,70674949865607
488,5286560058594;-711,297607421875;90,67268051507604
592,869873046875;-694,2178955078125;90,6434677959959
455,0589599609375;-712,0670166015625;90,6340831160763
393,3101501464844;-737,1129150390625;90,65227874002521
476,2825622558594;-700,8812255859375;90,69402485623233
475,537353515625;-700,193115234375;90,74344810506655
375,6385803222656;-701,496826171875;90,77884897553471
466,4250793457031;-665,6554565429688;90,7825645984432
434,6516418457031;-662,2266845703125;90,74979335080549
432,4183044433594;-656,5247802734375;90,69168893153619
457,064208984375;-635,9584350585938;90,63092756867975
388,8723449707031;-641,6865844726562;90,59136711300704
380,6430358886719;-616,9600219726562;90,58662013153388
360,9002380371094;-612,589599609375;90,61321688816192
332,13201904296875;-583,892578125;90,65176647583746
350,8027038574219;-559,0634155273438;90,67522817563646
323,7807312011719;-540,2493896484375;90,66012662738156
341,4610595703125;-523,970458984375;90,5957725850217
350,43865966796875;-509,20416259765625;90,48825174710736
269,1866760253906;-518,33251953125;90,35787709623015
277,931884765625;-508,29296875;90,23145712488238
206,562744140625;-478,2831726074219;90,13199591018866
183,4145965576172;-457,4425964355469;90,07042858501016
119,47372436523438;-454,5858459472656;90,04348348873447
210,74383544921875;-420,8905029296875;90,0381696015602
124,59989929199219;-398,3248596191406;90,03915997898984
152,2079620361328;-389,4243469238281;90,03485012962358
37,26264190673828;-366,7535705566406;90,02056820406908
92,88721466064453;-348,37225341796875;89,99879356099507
42,691688537597656;-341,36651611328125;89,9761241631398
-3,049656867980957;-319,23126220703125;89,95770314294828
-82,32654571533203;-302,076171875;89,94197321728974
-37,01353073120117;-275,810302734375;89,9198638949464
-158,91513061523438;-253,99301147460938;89,87990728830184
-127,57681274414062;-209,92176818847656;89,81648215166909
-124,62071990966797;-196,85926818847656;89,73568101378784
-111,29369354248047;-186,31112670898438;89,65454519663726
-123,01225280761719;-148,0064697265625;89,59347647526818
-114,98489379882812;-133,093017578125;89,565909831778
-104,88536834716797;-109,65502166748047;89,5712851906548
-142,76419067382812;-77,6425552368164;89,59519768293902
-141,30308532714844;-33,93376541137695;89,6165010429603
-128,42588806152344;-5,810297966003418;89,61712942036394
-140,64366149902344;19,99936294555664;89,5892349277936
-186,45016479492188;39,20522689819336;89,53649903721193
-219,3725128173828;68,59553527832031;89,4700891079119
-314,4085388183594;90,99481201171875;89,40257268796633
-261,97601318359375;117,55218505859375;89,34329347615979
-349,3143615722656;151,77012634277344;89,29667743507444
-377,8882141113281;181,107177734375;89,26283384773703
-417,0141906738281;211,86264038085938;89,23916724226294
-413,2225646972656;232,61668395996094;89,22230350520218
-394,7200927734375;256,28265380859375;89,2098179193994
-370,047119140625;267,8964538574219;89,20112991877514
-433,8345947265625;304,8953857421875;89,19722305056989
-473,43914794921875;329,1439514160156;89,1997024092386
-509,5456848144531;362,5060119628906;89,21026871188461
-545,1664428710938;385,87359619140625;89,23047241144951
-586,2862548828125;409,67010498046875;89,2614063382005
-578,12255859375;436,8676452636719;89,30280411475995
-627,686767578125;464,3659362792969;89,35187902394648
-643,881591796875;480,8583984375;89,40260683891218
-716,2820434570312;507,6787414550781;89,44593072881756
-731,3744506835938;514,4583740234375;89,47112046647656
-750,1519775390625;516,85546875;89,46808103229591
-780,8795776367188;534,9856567382812;89,43000955786226
-819,6644897460938;546,9237060546875;89,35559464685497
-823,3712158203125;566,8709716796875;89,25014335625914
-790,45068359375;561,7478637695312;89,12541727182554
-823,2088623046875;568,7161254882812;88,99816401739903
-823,5137329101562;569,110107421875;88,88732370754806
-872,5237426757812;580,7838134765625;88,81004694727855
-860,0866088867188;579,6844482421875;88,77726203926248
-951,7406005859375;606,1102294921875;88,79016426660463
-918,1065673828125;607,3820190429688;88,83904793049442
-836,4285888671875;598,4651489257812;88,90516416166014
-936,9086303710938;638,784912109375;88,9654883924097
-857,874267578125;621,7579345703125;88,9995846967464
-910,57861328125;652,6073608398438;88,99713948902354
-858,063232421875;646,6358032226562;88,96322759979442
-894,3911743164062;649,2698974609375;88,91793661540807
-993,9922485351562;671,414306640625;88,88933861335322
-953,6655883789062;680,6746826171875;88,90255502939719
-1017,0478515625;703,114013671875;88,970201222937
-1000,0676879882812;712,9818725585938;89,08796051441719
-1036,8101806640625;735,792236328125;89,23654444962165
-993,35009765625;732,0889892578125;89,38858446054614
-913,9307861328125;697,3064575195312;89,51720375280665
-948,7957763671875;707,4314575195312;89,60271089102604
-895,6148681640625;681,35107421875;89,63561191225799
-995,75390625;695,87060546875;89,61695866563468
-949,2791137695312;693,8733520507812;89,55804145385414
-969,987548828125;699,2158203125;89,4796103916149
-911,4671020507812;696,6216430664062;89,40879499030021
-884,4386596679688;675,1392211914062;89,37229445937565
-795,3034057617188;648,6690673828125;89,38752578122478
-854,44775390625;652,293212890625;89,45607355973503
-770,3751220703125;630,1199951171875;89,56321190705584
-767,8758544921875;625,6319580078125;89,68386719874412
-748,1287231445312;609,7282104492188;89,79171588573863
-723,3727416992188;608,4428100585938;89,86702555152719
-677,6587524414062;591,2374267578125;89,90028857278516
-622,3164672851562;570,2023315429688;89,89215381748366
-638,9135131835938;551,509521484375;89,85118634284193
-552,9030151367188;515,6031494140625;89,79119679136171
-587,5506591796875;503,75335693359375;89,72859810761854
-566,5218505859375;488,8526916503906;89,68004912299808
-547,185791015625;473,502197265625;89,66021425364838
-532,9660034179688;436,98626708984375;89,67931146256772
-529,788330078125;430,126220703125;89,74051678772021
-544,85595703125;410,4163513183594;89,8379152852846
-555,9924926757812;385,09710693359375;89,95579752016984
-534,6878051757812;402,0448303222656;90,07052420765855
-536,0958251953125;362,0974426269531;90,15599719493208
-537,5038452148438;326,7665100097656;90,19235429188407
-528,2496948242188;311,2961730957031;90,17489632836552
-458,98004150390625;287,9431457519531;90,11864972055047
-457,79510498046875;264,17327880859375;90,0556412254571
-563,4110717773438;263,564697265625;90,02489854400287
-544,2339477539062;255,85821533203125;90,05818205582834
-544,0625;244,8087615966797;90,16674108249651
-476,0904541015625;229,93753051757812;90,33519403799654
-497,0542907714844;201,03903198242188;90,52661691967532
-537,654052734375;163,67324829101562;90,69698232814295
-571,4405517578125;165,79605102539062;90,81163388355078
-555,2102661132812;148,1631622314453;90,85598913202084
-548,7134399414062;139,48980712890625;90,83712414953327
-526,968994140625;112,938720703125;90,77780395659171
-519,3407592773438;119,77071380615234;90,70689976281781
-551,0098266601562;65,72700500488281;90,64978572097816
-525,2344970703125;33,7299690246582;90,62127651138253
-557,4388427734375;7,818414688110352;90,62295673791834
-495,11419677734375;-20,335556030273438;90,64562613577363
-477,6576843261719;-39,50349426269531;90,67515304355558
-439,11724853515625;-65,27397918701172;90,69873768675964
-455,7791442871094;-83,62039947509766;90,70902395164968
-431,2689514160156;-104,8227767944336;90,705260517417
-334,56890869140625;-180,82904052734375;90,69228315799398
-288,92681884765625;-187,2060546875;90,67796708149363
-247,00732421875;-201,86016845703125;90,66988696770551
-227,37261962890625;-233,18211364746094;90,6721204395641
-279,341064453125;-256,6024169921875;90,68322632715454
-116,4216537475586;-257,29986572265625;90,6962856488476
-106,4212646484375;-284,8486633300781;90,70125802656338
-49,57426071166992;-314,69610595703125;90,68893636530068
-67,58470153808594;-367,5867614746094;90,65561870252935
-78,32034301757812;-400,91943359375;90,60666673674787
-44,993629455566406;-434,4743347167969;90,55699760110353
-59,776649475097656;-440,0416564941406;90,52714967443058
37,24112319946289;-452,2602233886719;90,53554397692052
-4,598414421081543;-511,0262145996094;90,59033575444236
25,473997116088867;-556,7833862304688;90,6847631197178
137,32464599609375;-563,1129150390625;90,79867701469527
152,99771118164062;-597,1393432617188;90,90569241861103
179,63418579101562;-607,9241333007812;90,98275061282712
247,60662841796875;-622,0508422851562;91,0177143511884
271,1272277832031;-668,6943969726562;91,01119835072022
333,64617919921875;-672,6456298828125;90,97266925361217
412,44927978515625;-679,4583740234375;90,91397743807426
393,3254699707031;-701,81982421875;90,84501984821381
461,05914306640625;-693,88818359375;90,77330969211783
427,2639465332031;-724,6947021484375;90,70598451746902
421,5477294921875;-742,9869384765625;90,65085806067785
408,3558044433594;-736,863037109375;90,61532741661544
403,9913024902344;-742,744873046875;90,60430349129504
415,34912109375;-736,9727172851562;90,61941186973911
557,3156127929688;-690,0463256835938;90,660024174544
503,4953918457031;-726,4935913085938;90,72471972636237
493,2978210449219;-736,0401611328125;90,81104648728216
543,7513427734375;-714,9108276367188;90,91295973988792
463,71759033203125;-718,2360229492188;91,01750261532413
461,9441223144531;-705,909423828125;91,10404111210819
548,7069091796875;-661,2225341796875;91,14872420965843
418,6111145019531;-704,1100463867188;91,13321968024249
353,200439453125;-706,27783203125;91,05317669335912
357,8463134765625;-697,5938720703125;90,92079396686593
368,42852783203125;-700,42236328125;90,75936244583268
342,001708984375;-697,77734375;90,59366205656816
332,4997253417969;-695,6537475585938;90,44253729099246
360,79278564453125;-670,9492797851562;90,31747652728953
392,9480285644531;-673,149169921875;90,22551486030447
323,8162536621094;-675,3711547851562;90,17197983758992
310,5621032714844;-660,7780151367188;90,15986308200232
289,44573974609375;-655,978271484375;90,18654863108955
242,66575622558594;-647,93115234375;90,24063689912688
330,8905334472656;-630,8108520507812;90,30212226203534
292,9947204589844;-628,5960083007812;90,34724249169244
236,02723693847656;-648,5199584960938;90,35635396404524
194,29351806640625;-637,0016479492188;90,32120581057636
186,76600646972656;-639,9385986328125;90,24804082418719
238,09939575195312;-628,194091796875;90,15551908169019
221,43199157714844;-625,1572875976562;90,0691445094462
247,8200225830078;-619,7357177734375;90,0143459017352
274,0539245605469;-627,9625854492188;90,00959209007287
340,4081726074219;-604,6570434570312;90,0607638673346
320,9017028808594;-617,222412109375;90,15908444043693
309,74169921875;-595,8009033203125;90,28451403435504
281,4602966308594;-578,1738891601562;90,41298989264298
342,9603271484375;-548,3677368164062;90,52335891944122
384,2616882324219;-504,0320739746094;90,60043760422482
371,1206359863281;-469,4239807128906;90,63470466329078
357,9417419433594;-434,19317626953125;90,62151556800347
328,7262878417969;-411,756103515625;90,56212024298105
364,880859375;-362,905517578125;90,46522034922607
360,16326904296875;-328,1471862792969;90,34640237842453
345,7633361816406;-276,3595275878906;90,22382097339032
324,58819580078125;-253,0675506591797;90,11216104083894
319,7059631347656;-220,3723907470703;90,01782246802273
335,0408935546875;-184,66461181640625;89,93792291511193
272,20819091796875;-152,18203735351562;89,86334407956456
226,8417205810547;-126,93601989746094;89,78397728140901
222,3830108642578;-105,61563110351562;89,69407150136412
195,558349609375;-89,92642211914062;89,59562798485673
173,3828125;-66,82096862792969;89,49897397791189
171,74501037597656;-44,254093170166016;89,42004431186321
87,10182189941406;-33,92647933959961;89,37486944069275
75,65531921386719;-2,9436051845550537;89,3730116292385
-0,9022914171218872;21,79684829711914;89,41260623585707
19,111865997314453;38,3964958190918;89,47945329726399
-23,706130981445312;68,49945068359375;89,5509926986307
-76,7940902709961;89,43700408935547;89,60396764583332
-118,53070831298828;111,87234497070312;89,62306485475267
-161,1042938232422;123,77671813964844;89,60676119320385
-172,342529296875;153,00265502929688;89,56714609601778
-272,02130126953125;189,3973388671875;89,5236377910048
-310,43994140625;213,73521423339844;89,49412454360117
-326,6634521484375;232,7352752685547;89,48830522242832
-345,9239807128906;256,69024658203125;89,50572220481186
-382,06201171875;280,2607421875;89,53788556561345
-397,8886413574219;298,111572265625;89,57205700203102
-426,2623596191406;320,52191162109375;89,59493813575057
-497,6454772949219;349,7987365722656;89,5952728150199
-490,7139892578125;359,3044738769531;89,56532243550939
-535,1658935546875;381,48388671875;89,50204073284922
-513,7825927734375;399,50421142578125;89,40820076384242
-506,4141845703125;409,00738525390625;89,29351505748873
-536,084228515625;433,5101623535156;89,17428727533698
-572,8572387695312;461,69769287109375;89,07087138111382
-587,3104248046875;489,7830810546875;89,00271975357543
-600,5613403320312;519,4932250976562;88,98247507287552
-646,32666015625;564,020751953125;89,01109356549787
-647,8392944335938;590,3843383789062;89,07645164566573
-677,507080078125;622,72216796875;89,15640584008989
-681,9869995117188;646,4531860351562;89,22546588278789
-720,1102905273438;684,89453125;89,26247184771103
-732,7932739257812;715,9801025390625;89,25607879064789
-725,5374755859375;731,9212036132812;89,20618425876094
-742,435546875;759,2229614257812;89,12200900742971
-724,9602661132812;770,9698486328125;89,01879118869248
-810,0676879882812;805,8992919921875;88,91498597368663
-767,972900390625;798,9390869140625;88,82967008076399
-756,1193237304688;797,6744384765625;88,77890811485246
-794,276611328125;813,4893798828125;88,77113535957699
-774,7097778320312;800,7470092773438;88,80348313548616
-800,2112426757812;797,262451171875;88,86197004534898
-805,8226928710938;792,3739624023438;88,9265153330056
-718,9573974609375;751,2361450195312;88,97928537453312
-755,5037231445312;756,4623413085938;89,012384471251
-700,2074584960938;740,2439575195312;89,03137239714364
-743,747314453125;739,8298950195312;89,05247768167898
-714,8409423828125;717,8977661132812;89,09497511869479
-705,5978393554688;708,302001953125;89,17219723745096
-818,5690307617188;727,5350952148438;89,28500464178289
-784,1272583007812;716,3531494140625;89,41985989675563
-768,6297607421875;710,1251831054688;89,5517440194394
-689,11962890625;683,0191650390625;89,65074761145874
-696,6903686523438;681,6456909179688;89,69062225583328
-686,5721435546875;675,2691040039062;89,65699040436013
-689,4615478515625;664,8734130859375;89,55308273651673
-664,3428344726562;648,6052856445312;89,40133642372655
-595,2686767578125;625,2972412109375;89,23981611023409
-670,1080932617188;642,853515625;89,11291802564442
-596,7512817382812;607,8622436523438;89,05811258774423
-595,616455078125;595,0365600585938;89,09324708083479
-555,6286010742188;582,98779296875;89,21080829682904
-595,6110229492188;575,380126953125;89,38260804502238
-616,8096923828125;554,6436157226562;89,57226873789529
-581,6735229492188;528,8148193359375;89,74805048637474
-559,3388061523438;534,2919311523438;89,88956517578823
-509,94097900390625;500,0780334472656;89,98737348470281
-520,1759643554688;518,9957275390625;90,03920779031404
-562,716552734375;482,61822509765625;90,04732888523719
-584,6271362304688;481,20294189453125;90,01896310961412
-661,956787109375;467,556396484375;89,96826261540512
-618,6547241210938;467,4648742675781;89,91626438525381
-556,9535522460938;451,6512145996094;89,88621838309493
-607,3447265625;458,3976135253906;89,89506347807009
-662,6990966796875;459,8556823730469;89,94567517981989
-628,110107421875;468,9058532714844;90,02508295911045
-691,0061645507812;474,5589294433594;90,11085647470748
-657,2557373046875;452,4454345703125;90,18265542326264
-672,7674560546875;428,8755187988281;90,2320240305835
-710,4963989257812;401,73272705078125;90,2647747876537
-633,0550537109375;369,4124450683594;90,29542184645956
-660,4998168945312;334,8752746582031;90,33819249104218
-629,3800659179688;307,0067138671875;90,39947294827553
-685,4703369140625;248,60911560058594;90,47407227439041
-695,8438720703125;207,4447021484375;90,54581658143222
-730,5423583984375;188,2801513671875;90,59251458478761
-700,791748046875;152,70167541503906;90,59442020756603
-655,218505859375;121,04718780517578;90,54307767557505
-650,3425903320312;89,78255462646484;90,44653295165692
-651,5938110351562;54,0435676574707;90,32786524501712
-668,3885498046875;10,758974075317383;90,21786504843406
-629,300537109375;-21,7697696685791;90,14500059036837
-608,4118041992188;-51,991172790527344;90,12709866455377
-545,0950317382812;-85,15262603759766;90,16726017687344
-543,0894165039062;-102,99920654296875;90,25471391900628
-567,784423828125;-138,10646057128906;90,36954305933254
-454,1596374511719;-150,3960723876953;90,48914650188863
-443,98779296875;-150,49476623535156;90,59424945283679
-352,5816955566406;-143,6968536376953;90,67255757167098
-374,21295166015625;-179,8557586669922;90,71964489580905
-280,99853515625;-205,32789611816406;90,737560482002
-236,091796875;-251,32289123535156;90,73249248163785
-187,26502990722656;-252,98011779785156;90,71229561226211
-154,38143920898438;-279,7664794921875;90,68432598761092
-143,09722900390625;-309,345458984375;90,65423217412784
-16,528793334960938;-330,1885070800781;90,62603715323402
72,115478515625;-335,403564453125;90,60277352892096
103,92941284179688;-351,61578369140625;90,58663379191222
154,12051391601562;-379,80126953125;90,57821899885477
181,08729553222656;-418,9687805175781;90,57608114964455
207,21974182128906;-439,21533203125;90,57750865918109
219,81768798828125;-461,4939880371094;90,58056175374008
287,6750793457031;-477,6296691894531;90,58620348999452
338,39031982421875;-489,1208801269531;90,59888032109406
310,0283203125;-513,0950927734375;90,62439790783323
325,2104187011719;-524,3905029296875;90,6655839485284
316,8415832519531;-543,1231689453125;90,71800565040824
339,905029296875;-563,66455078125;90,76893837104903
408,68365478515625;-573,8358764648438;90,80128614695822
348,9153747558594;-600,9907836914062;90,80109490166146
336,2058410644531;-616,86962890625;90,76443044619683
338,3080749511719;-638,2941284179688;90,69932508302826
351,3838195800781;-640,1211547851562;90,62124919062585
385,56201171875;-648,1435546875;90,54483303419174
365,6416320800781;-671,0428466796875;90,47696827459849
347,8820495605469;-692,1575317382812;90,41564000604096
397,4280700683594;-698,9232177734375;90,3552474733997
359,3780822753906;-706,890380859375;90,29481395962343
322,5292053222656;-732,9717407226562;90,24306161628225
350,3365478515625;-733,5130004882812;90,2163077653033
338,0085144042969;-741,1233520507812;90,22981787948159
287,3687438964844;-744,3724975585938;90,28779935534583
262,6741638183594;-749,037109375;90,37775294671489
208,04837036132812;-755,660888671875;90,47279502901561
240,90896606445312;-740,1038818359375;90,5411993735533
185,3878936767578;-731,0953979492188;90,55942914844806
154,11325073242188;-736,0979614257812;90,52266907033506
192,9697265625;-711,7803955078125;90,44785117816673
211,5082244873047;-688,1597290039062;90,36721396482557
136,72994995117188;-692,677978515625;90,31533867807931
165,83425903320312;-668,828369140625;90,31552309318691
159,3407440185547;-653,7648315429688;90,37129841794923
172,53433227539062;-623,9979858398438;90,46585555681888
229,90841674804688;-607,5021362304688;90,5684176773958
193,37750244140625;-627,4468383789062;90,64459477720895
220,68356323242188;-608,3910522460938;90,66702511844328
235,41603088378906;-599,7423706054688;90,6234007002144
286,3871765136719;-596,1265258789062;90,52014873053132
309,08245849609375;-584,4552001953125;90,38112706016487
306,31439208984375;-574,6668090820312;90,24148384258397
322,5766906738281;-579,6257934570312;90,13805428798247
348,2029113769531;-576,6860961914062;90,09855530401228
405,527099609375;-558,250244140625;90,13334828764432
368,78314208984375;-554,4219970703125;90,2326387476088
459,0170593261719;-549,719482421875;90,37005532352029
474,3507995605469;-546,01513671875;90,51078454117923
493,7308654785156;-521,2374267578125;90,62077107738395
547,2903442382812;-519,849853515625;90,67401240196419
549,4015502929688;-502,2085876464844;90,65656126863482
612,4973754882812;-485,6255187988281;90,56792590377556
616,8390502929688;-486,72100830078125;90,42087193094518
572,3458862304688;-474,3291015625;90,23995388020988
588,2731323242188;-477,74749755859375;90,05840745207095
568,262451171875;-464,80120849609375;89,91265804537204
603,8300170898438;-435,83197021484375;89,83402890764685
552,8426513671875;-428,7003479003906;89,8390764174435
586,1678466796875;-415,2866516113281;89,92222714039923
564,303466796875;-396,1295166015625;90,05529288580942
550,8140258789062;-357,7621154785156;90,19571474495571
507,8058776855469;-338,3719177246094;90,30033958266196
507,3127746582031;-318,5450134277344;90,33866377409491
513,4539184570312;-296,6782531738281;90,30054448833707
436,9999694824219;-289,2922058105469;90,19716957524892
418,9666748046875;-259,3520812988281;90,05637205569828
532,93359375;-228,66458129882812;89,91414019642194
410,6762390136719;-186,4671173095703;89,80407169794718
416,8291931152344;-182,2437744140625;89,74719671272848
336,32025146484375;-134,0297088623047;89,74518180692333
314,97088623046875;-85,62361145019531;89,78000894150122
291,66851806640625;-54,7020263671875;89,82161162373578
171,61170959472656;-9,27840518951416;89,8410093609786
133,3057861328125;20,634733200073242;89,82249954832787
76,45536804199219;66,95221710205078;89,76855471426312
32,881221771240234;133,43653869628906;89,69532142598224
-18,844619750976562;181,72848510742188;89,62283945851006
-106,47309112548828;207,2935791015625;89,56600545442639
-167,861328125;264,5789489746094;89,53067288584991
-197,98129272460938;301,4468078613281;89,51467658281373
-243,68136596679688;304,6891174316406;89,51102243160778
-233,2835235595703;333,3199768066406;89,51108390331031
-239,73956298828125;357,7569885253906;89,50699261999748
-325,01507568359375;407,8905334472656;89,49359861903508
-351,2280578613281;428,265380859375;89,46978174939925
-398,1231384277344;463,6265563964844;89,43847216224391
-377,97442626953125;463,6205139160156;89,40481982020326
-364,6772766113281;468,7294921875;89,37320287453527
-416,0693359375;492,3728942871094;89,34462536304794
-457,1449279785156;505,50592041015625;89,3163210591274
-447,989501953125;510,8116760253906;89,28418501908249
-437,6295166015625;523,2991943359375;89,24680339375502
-462,3674011230469;541,5865478515625;89,20853384383543
-452,6802673339844;545,4445190429688;89,1790205964318
-436,0419616699219;554,458740234375;89,16866602965007
-400,8949890136719;574,2505493164062;89,1824152004493
-379,77728271484375;562,7432861328125;89,2155347877347
-456,5658264160156;586,703369140625;89,25403656408605
-460,9716796875;612,415283203125;89,27983418858119
-448,8243713378906;610,6234741210938;89,27827007526126
-445,3649597167969;606,0534057617188;89,24457675208559
-419,49249267578125;623,1749877929688;89,18613082335779
-452,11578369140625;643,140625;89,11963893178772
-370,388916015625;629,6683959960938;89,06451930518571
-443,8186340332031;653,8599853515625;89,03573688802328
-397,7818603515625;631,2416381835938;89,0393295675267
-403,6285400390625;646,6871337890625;89,07229206046118
-349,2580261230469;627,3004150390625;89,12592270582412
-323,8455810546875;616,8223266601562;89,19022210667063
-342,531005859375;621,0087890625;89,25655690388979
-318,9569091796875;635,1639404296875;89,3174617007188
-281,3421936035156;638,2403564453125;89,3646992890186
-289,7218933105469;641,5947265625;89,38857763035696
-399,3363037109375;692,4052734375;89,3806887618656
-385,62249755859375;682,9393310546875;89,33934562681951
-384,1439514160156;692,475341796875;89,2744110183802
-329,0774230957031;682,5198974609375;89,2075844475408
-285,2896423339844;689,5768432617188;89,16639157665645
-313,51153564453125;687,7462158203125;89,17400040739184
-306,89923095703125;682,3076782226562;89,2393584875597
-397,4717712402344;714,3128662109375;89,35216589189163
-387,62274169921875;723,483642578125;89,48489012784331
-373,1070251464844;711,2149658203125;89,60126289092199
-363,2389831542969;695,5203857421875;89,6687246693542
-316,0006408691406;680,270263671875;89,67042538645754
-304,4524230957031;648,086181640625;89,61200677848642
-377,28076171875;653,896484375;89,51987435677212
-319,50140380859375;628,6988525390625;89,43138925607461
-336,55059814453125;638,0556640625;89,38106442226996
-314,5213623046875;621,7755126953125;89,38877570584289
-296,94964599609375;577,4326782226562;89,4541679369566
-322,4314270019531;565,5770263671875;89,55882009541953
-307,74578857421875;545,5973510742188;89,67436640560864
-384,6563720703125;545,6085815429688;89,77278260135935
-417,4141845703125;532,7730102539062;89,83478022845556
-340,4541931152344;497,73748779296875;89,85415747513089
-420,1114807128906;476,9472961425781;89,8380040777438
-366,2164001464844;469,60418701171875;89,80319743373342
-408,8629455566406;450,0382385253906;89,76979780869206
-424,79498291015625;430,16754150390625;89,75318678863059
-393,8110046386719;414,15582275390625;89,75835724183229
-403,1649169921875;395,2566833496094;89,7800157716904
-351,27801513671875;359,3128356933594;89,80847033977267
-421,6363525390625;336,5188903808594;89,83744400223186
-388,5274353027344;313,2554016113281;89,86843940068538
-359,17431640625;288,27435302734375;89,90898340359858
-371,53057861328125;269,7511901855469;89,96607012468155
-334,86859130859375;263,5995178222656;90,03965858279926
-363,00714111328125;247,0576629638672;90,12079439994984
-375,57275390625;222,28176879882812;90,19565327325319
-383,5174255371094;192,46566772460938;90,25242580563433
-327,8862609863281;178,49908447265625;90,28665188356526
-315,75164794921875;170,34291076660156;90,30233399789961
-298,7896728515625;150,6190643310547;90,30897294177286
-240,87008666992188;116,16503143310547;90,31670471591332
-188,455078125;121,79627990722656;90,33240732081518
-218,41004943847656;111,2297592163086;90,35835520947205
-109,38970184326172;88,00550079345703;90,39301841950987
-140,47938537597656;85,88162231445312;90,43244910158836
-94,32530975341797;54,5910758972168;90,47157925534336
-80,36994171142578;19,206008911132812;90,50490374830385
-79,04463195800781;-11,676189422607422;90,52697208951216
-81,67671203613281;-32,22267532348633;90,53317390127853
-66,8719482421875;-56,1174430847168;90,5209956739884
-137,08023071289062;-96,80931091308594;90,49135265299054
-137,2188262939453;-95,98250579833984;90,4490191405148
-100,67076110839844;-137,34146118164062;90,40180887297167
-122,21286010742188;-185,2064666748047;90,35853962457965
-72,87488555908203;-197,6947479248047;90,326253320373
-94,71781158447266;-200,0619659423828;90,30812599831579
-76,84089660644531;-240,28245544433594;90,30384346970618
-77,88302612304688;-259,13592529296875;90,3130642250857
-81,90298461914062;-281,6829833984375;90,34000249117223
-75,8731918334961;-296,64495849609375;90,39505381588253
-5,084805011749268;-312,0461120605469;90,4907925774786
56,7822380065918;-319,5314636230469;90,63335228583512
13,210888862609863;-351,8758239746094;90,81384686484186
-25,17722511291504;-387,82513427734375;91,00537219935819
110,31855773925781;-378,7567138671875;91,16912598470925
139,14404296875;-390,9734802246094;91,26850523713294
135,7559051513672;-443,6624450683594;91,28494550246515
156,12152099609375;-459,78485107421875;91,22688206433088
278,5458068847656;-460,1271057128906;91,12619824577573
315,1376953125;-493,7257995605469;91,02371125727967
333,5361328125;-520,0591430664062;90,9521650257238
339,2122497558594;-564,0883178710938;90,92538385398818
364,42120361328125;-596,5584106445312;90,93716593030645
425,60235595703125;-618,8307495117188;90,967560272113
547,1688842773438;-619,1686401367188;90,99218993426007
672,2779541015625;-613,3817138671875;90,99105612285784
576,5806884765625;-659,7454223632812;90,9548971013918
615,1591186523438;-668,6170043945312;90,88769487014804
656,668212890625;-683,5430908203125;90,80428460000385
651,68359375;-697,48291015625;90,72393425460781
687,1805419921875;-698,1278076171875;90,6626469671853
731,8462524414062;-703,1248168945312;90,62779251185071
779,1699829101562;-694,2646484375;90,61665247331443
732,2670288085938;-723,427001953125;90,61907719046978
738,3380737304688;-724,0081787109375;90,62292258697249
708,5582885742188;-740,4468994140625;90,62017685092616
694,7886352539062;-742,99560546875;90,61064873703398
732,4486083984375;-725,3941650390625;90,6012845476819
710,939453125;-742,847900390625;90,6019675665989
757,7117919921875;-727,5250244140625;90,61980802071098
737,4603271484375;-730,791259765625;90,65425949488451
692,51416015625;-750,195068359375;90,69495376195945
703,4851684570312;-741,5044555664062;90,72454897163313
699,1715087890625;-729,5855712890625;90,72756791524627
698,9963989257812;-740,4886474609375;90,70108044164496
750,037841796875;-715,692138671875;90,6598875707606
658,7575073242188;-731,9175415039062;90,63085243659889
654,9364013671875;-704,7169799804688;90,63854322960432
621,8539428710938;-698,88720703125;90,69010432764874
663,1885986328125;-681,1734008789062;90,76796165399772
682,4028930664062;-669,4689331054688;90,83435109273024
675,8389892578125;-665,2119750976562;90,84614682942686
644,5255126953125;-649,4907836914062;90,77395172989982
664,1500854492188;-612,4933471679688;90,61760186960906
553,2864990234375;-618,9520263671875;90,41074276040605
548,3939208984375;-614,252685546875;90,21093923661567
555,1910400390625;-602,1566772460938;90,07862481201418
519,2738037109375;-580,4698486328125;90,05421371592055
590,3096313476562;-546,2709350585938;90,14302666569823
565,5648803710938;-556,9074096679688;90,31326230057164
490,7034912109375;-533,8477783203125;90,50683669183897
514,4589233398438;-520,7125854492188;90,65914308014108
460,74615478515625;-500,7157287597656;90,72140025442575
412,04229736328125;-478,15673828125;90,67755727014344
327,98614501953125;-458,8280334472656;90,54899944958545
317,6037902832031;-458,2215270996094;90,38494513591091
329,34918212890625;-438,0725402832031;90,24254935209449
351,84521484375;-416,48974609375;90,16514281823073
268,98138427734375;-393,2364196777344;90,16719187498174
268,30078125;-401,8814392089844;90,23087655880293
252,7499542236328;-372,19366455078125;90,31425950819046
158,7718963623047;-328,7663879394531;90,36692709688042
132,52239990234375;-318,2830505371094;90,34733128415165
167,5331573486328;-274,5826416015625;90,23615629503136
200,1819305419922;-265,9006652832031;90,0420423188196
257,0182189941406;-220,0611572265625;89,79840264093608
269,7441711425781;-220,73556518554688;89,55226994400549
266,36749267578125;-201,63612365722656;89,34883958976583
208,42413330078125;-137,33670043945312;89,2171262218113
235,35057067871094;-120,84819030761719;89,16205440653349
145,6852264404297;-75,60040283203125;89,165811010577
134,09251403808594;-38,821189880371094;89,19694301281392
129,66775512695312;-17,03023910522461;89,22259037314731
92,20341491699219;25,153898239135742;89,21920942950815
11,625250816345215;77,2640380859375;89,17909572851268
27,75244140625;98,18390655517578;89,11170908216133
48,53438949584961;117,04939270019531;89,0389880580682
-3,8263723850250244;123,67933654785156;88,98574673348796
-104,44310760498047;167,17276000976562;88,96861661904956
-162,08531188964844;209,60203552246094;88,98879299785779
-125,7702865600586;215,33395385742188;89,03206907643899
-336,2247009277344;281,54705810546875;89,07584375882959
-254,84228515625;290,2204895019531;89,09895028879174
-259,4488525390625;288,6875305175781;89,08935387300788
-322,1925964355469;297,7318115234375;89,04677447372202
-266,3776550292969;307,70806884765625;88,98016646893605
-373,0431213378906;351,11517333984375;88,90299216150407
-385,15032958984375;374,8563232421875;88,82928759017047
-423,16949462890625;403,2140197753906;88,77207109549327
-407,360107421875;410,6133728027344;88,74270128206221
-358,6829528808594;405,759521484375;88,7491967919629
-537,9522094726562;444,63348388671875;88,79278705924592
-537,8883666992188;465,99761962890625;88,86464064931445
-549,6598510742188;471,2049560546875;88,94566035324915
-560,4327392578125;497,8982238769531;89,01087499944443
-543,0282592773438;497,2805480957031;89,03737613342408
-560,4929809570312;506,7281799316406;89,01276696184452
-557,5424194335938;510,85205078125;88,94081091893844
-589,5144653320312;524,5335083007812;88,84158876086566
-693,0402221679688;584,7894897460938;88,7455084898111
-589,7860107421875;576,9320068359375;88,68290980606793
-703,623779296875;611,2156982421875;88,67316312612232
-627,7662963867188;600,5267944335938;88,71785305386172
-620,8509521484375;616,5186157226562;88,8008330220882
-581,4107666015625;605,4682006835938;88,89459102882496
-633,6513061523438;643,6787719726562;88,96966163799257
-614,678466796875;651,967529296875;89,00327982908738
-547,5349731445312;632,1541137695312;88,98516616740851
-534,8272705078125;657,326416015625;88,91999250234824
-599,1740112304688;674,4066772460938;88,82640525034073
-541,6499633789062;674,26708984375;88,73305705495416
-541,9541015625;685,330810546875;88,67201565434176
-444,2854919433594;669,7553100585938;88,6708886731287
-325,2549133300781;640,2512817382812;88,7451874709201
-254,65977478027344;640,2254028320312;88,89299276455918
-195,4806671142578;626,4414672851562;89,09391643937344
-209,2350311279297;623,2886962890625;89,31371192686446
-117,35518646240234;594,068359375;89,51405503559927
-12,161389350891113;575,04541015625;89,6641006312861
-145,5760955810547;632,7413330078125;89,7490613543719
-88,70609283447266;608,3523559570312;89,77215422395571
-56,796207427978516;595,372802734375;89,74993561858567
-31,81406021118164;591,2925415039062;89,70390697376894
64,63550567626953;548,0159912109375;89,65243466818373
57,486793518066406;553,5985717773438;89,60636504223199
55,43074035644531;539,4017333984375;89,56933858674135
24,529464721679688;571,26708984375;89,541403113036
75,64495086669922;557,1524047851562;89,52260643244013
31,713653564453125;549,6461791992188;89,51466975262457
59,246421813964844;514,0711669921875;89,52134284744368
-27,41234016418457;530,2522583007812;89,54882069847463
-56,10505676269531;530,2835693359375;89,60551809877491
-9,307130813598633;505,5962829589844;89,6996790866727
11,928181648254395;504,45050048828125;89,83511490772489
44,9509391784668;468,7384033203125;90,00716737291751
11,694323539733887;476,235595703125;90,20053002832057
-33,46809768676758;451,0429992675781;90,38942574000644
79,3313217163086;405,5311584472656;90,54076907163558
34,68418884277344;409,14874267578125;90,62151556800347
-114,34048461914062;428,5979919433594;90,60956273695595
-51,452430725097656;402,24127197265625;90,50470567281792
-100,59148406982422;407,093505859375;90,33378018883835
-124,01412200927734;386,0289306640625;90,1454513828536
-156,52027893066406;349,439453125;89,99458616446634
-38,64739990234375;331,5668029785156;89,92210419699417
-200,4876251220703;335,6942138671875;89,94010174545716
-175,32472229003906;324,32501220703125;90,02986409152946
-213,31546020507812;323,8254089355469;90,15342221361499
-223,96713256835938;289,9861755371094;90,27109954282514
-189,6977996826172;270,9305725097656;90,35526113377804
-184,73147583007812;264,1952819824219;90,39504698569337
-227,9447784423828;232,5601043701172;90,39365362710268

